label,text
BACKGROUND,Cardiovascular disease is a leading cause of mortality.
BACKGROUND,Prior studies have shown mixed results on the effectiveness of statins.
BACKGROUND,Hypertension remains a major risk factor for stroke and MI.
BACKGROUND,Current guidelines vary in their recommendations.
BACKGROUND,There is a need for more rigorous trials in diverse populations.
OBJECTIVE,We aimed to evaluate the effect of a new statin on LDL levels.
OBJECTIVE,This study investigates the impact of lifestyle intervention.
OBJECTIVE,Our goal was to assess patient adherence over 6 months.
OBJECTIVE,To compare outcomes of two different antihypertensive drugs.
OBJECTIVE,We examine differences in blood pressure control strategies.
METHOD,We conducted a randomized controlled trial with 300 participants.
METHOD,Patients were assigned to treatment or placebo groups.
METHOD,Measurements were taken at baseline and after 12 weeks.
METHOD,Blinding was maintained for all outcome assessors.
METHOD,Statistical analysis included t-tests and logistic regression.
RESULT,LDL levels significantly decreased in the treatment group.
RESULT,There were no significant side effects observed.
RESULT,Patients in the intervention arm showed better adherence.
RESULT,Mean systolic BP reduction was 10 mmHg greater in group A.
RESULT,No difference was found in hospitalization rates.
CONCLUSION,The new statin is effective and well-tolerated.
CONCLUSION,Lifestyle changes improve clinical outcomes.
CONCLUSION,Our findings support routine monitoring.
CONCLUSION,Both treatments showed comparable efficacy.
CONCLUSION,Further studies are needed to confirm these results.
